{
  "dataset": "tinyshakespeare",
  "tokenizer_type": "char",
  "num_params": 3208960,
  "step": 999,
  "tokens_seen": 4091904,
  "train_loss": 1.9531879425048828,
  "val_loss": 2.031393527984619,
  "val_perplexity": 7.624704197607763,
  "model_config": {
    "vocab_size": 65,
    "block_size": 128,
    "n_layer": 4,
    "n_head": 4,
    "d_model": 256,
    "dropout": 0.1
  }
}
