{
  "dataset": "tinystories",
  "tokenizer_type": "bpe",
  "num_params": 13891584,
  "step": 29000,
  "tokens_seen": 237568000,
  "train_loss": 1.643928050994873,
  "val_loss": 1.6706236600875854,
  "val_perplexity": 5.315481817518516,
  "model_config": {
    "vocab_size": 8192,
    "block_size": 256,
    "n_layer": 6,
    "n_head": 6,
    "d_model": 384,
    "dropout": 0.1
  }
}
